0, 224.5278281, -2.063710938, 225.4084844, 224.5304297, 224.1748245
4, 224.5393359, 222.5015156, 224.5873828, 224.5419375, 224.1391422
1, 224.533375, 222.4879766, 224.5359766, 224.5333984, 224.1929128
10, 224.5523828, 224.5512578, 224.5564375, 224.5538594, 224.5537164
2, 222.4899219, 222.4873203, 224.5353203, 222.51275, 222.9473273
29064, 258.1746563, 258.1652422, 258.2181953, 258.1746563, 258.1748562
30692, 258.3781563, 256.8421406, 258.3889141, 258.3781563, 258.3758737
12445, 235.3050156, 233.2544141, 235.3100234, 235.3050156, 235.2904775
10384, 235.0473906, 235.0426797, 235.0562344, 235.0473906, 235.0473294
22910, 257.4054063, 257.4054063, 257.4054063, 257.4054063, 257.4054063
28907, 258.1550313, 258.1550313, 258.1560391, 258.1560391, 258.1553672
12669, 235.3330156, 235.3225859, 235.3438984, 235.3330156, 235.3328414
28981, 258.1642813, 258.1609141, 258.1962109, 258.1642813, 258.1645165
12557, 235.3190156, 233.2709922, 235.3267813, 235.3190156, 235.2880584
12175, 235.2712656, 235.2712578, 235.2713438, 235.2712656, 235.2712744
29312, 258.2056563, 256.6721875, 258.2174531, 258.2056563, 258.2018093
12332, 235.2908906, 233.2082656, 235.3067031, 235.2908906, 235.2669538
4870, 234.3581406, 234.3581406, 234.3607422, 234.3581406, 234.3586609
28125, 258.0572813, 258.0467578, 258.0598594, 258.0573281, 258.0567422
12263, 235.2822656, 235.2732969, 235.2849219, 235.2822656, 235.2819809
28163, 258.0620313, 258.0594531, 258.0621094, 258.0620781, 258.061728
12544, 235.3173906, 235.3122109, 235.3209922, 235.3173906, 235.3171474
12201, 235.2745156, 235.2719141, 235.2770938, 235.2745156, 235.2745135
11480, 235.1843906, 233.1337891, 235.1945469, 235.1843906, 235.1748137
12526, 235.3151406, 235.3125469, 235.3177188, 235.3152188, 235.3151091
12292, 235.2858906, 235.2832891, 235.2969531, 235.2858906, 235.2863254
29004, 258.1671563, 258.1629766, 258.1735234, 258.1672031, 258.1673065
11427, 235.1777656, 233.1297109, 235.1877969, 235.1777656, 235.161378
30240, 258.3216563, 258.3083438, 258.3318203, 258.3216563, 258.3214456
29090, 258.1779063, 258.1654766, 258.1805078, 258.1779063, 258.1776189
10280, 235.0343906, 235.0274063, 235.0353203, 235.0343906, 235.0335322
28672, 258.1256563, 256.5870391, 258.1341172, 258.1256563, 258.1213759
12572, 235.3208906, 235.3183125, 235.3234688, 235.3218281, 235.3211243
11100, 235.1368906, 233.0862891, 235.1500547, 235.1368906, 235.0974401
12222, 235.2771406, 235.2745625, 235.2806484, 235.2771406, 235.2772439
27986, 258.0399063, 258.0268516, 258.0425078, 258.0399844, 258.0397702
28191, 258.0655313, 258.0629531, 258.0681094, 258.0656094, 258.0656072
10279, 235.0342656, 235.0316641, 235.0420391, 235.0343438, 235.0346865
27910, 258.0304063, 258.0258672, 258.0329844, 258.0304844, 258.0300539
13178, 235.3966406, 233.3460859, 235.4068672, 235.3966406, 235.3843275
12823, 235.3522656, 233.3016094, 235.3628047, 235.3522656, 235.3454711
27954, 258.0359063, 258.0332891, 258.0359063, 258.0359063, 258.0354701
12522, 235.3146406, 233.2666406, 235.3236016, 235.3146406, 235.2925634
4656, 234.3313906, 234.3288125, 234.3314688, 234.3313906, 234.3309785
10342, 235.0421406, 235.0380234, 235.0447188, 235.0422188, 235.0421227
12244, 235.2798906, 233.2344688, 235.2824922, 235.2798906, 235.2091323
4792, 234.3483906, 234.3475938, 234.3523906, 234.3523906, 234.3498418
12298, 235.2866406, 233.2359844, 235.2892188, 235.2866406, 235.2158936
27916, 258.0311563, 258.0200859, 258.03375, 258.0312344, 258.030751
12224, 235.2773906, 235.2773672, 235.2784766, 235.2773906, 235.2774943
12679, 235.3342656, 235.3259766, 235.3433984, 235.3342656, 235.3343075
12442, 235.3046406, 235.3020391, 235.3072422, 235.3047969, 235.3047641
4902, 234.3620313, 234.3509453, 234.3647344, 234.3621406, 234.3615393
4679, 234.3342656, 232.2889141, 234.3368438, 234.3342656, 233.9938034
10296, 235.0363906, 235.0337891, 235.0389688, 235.0364375, 235.036356
28188, 258.0651563, 256.5265391, 258.06775, 258.0651563, 258.0414329
12163, 235.2697656, 235.2671875, 235.2697656, 235.2697656, 235.2691211
28248, 258.0726563, 258.0566953, 258.0834688, 258.0726563, 258.0724532
12397, 235.2990156, 233.2536172, 235.3015938, 235.2990156, 235.2608831
12398, 235.2991406, 235.2893594, 235.3072422, 235.2991406, 235.2989869
30022, 258.2944063, 258.2918281, 258.2969844, 258.2944063, 258.2943771
12380, 235.2968906, 235.2942969, 235.3076563, 235.2968906, 235.2969401
12554, 235.3186406, 235.3186406, 235.3208438, 235.3187188, 235.3190208
28335, 258.0835313, 258.08, 258.086125, 258.0836094, 258.0835523
12233, 235.2785156, 235.2759141, 235.2865234, 235.2785156, 235.2785687
10273, 235.0327266, 235.0244922, 235.0344453, 235.0335156, 235.0323
12181, 235.2720156, 235.2646953, 235.2720625, 235.2720156, 235.2712075
28195, 258.0652344, 256.5325625, 258.0686094, 258.0660313, 258.0272988
28955, 258.1610313, 258.1542813, 258.1636094, 258.1610313, 258.1609274
12153, 235.2659375, 235.2659375, 235.2710938, 235.2695234, 235.2681741
27959, 258.0365313, 258.0339531, 258.0391094, 258.0365313, 258.0365313
12243, 235.2797656, 235.2771875, 235.2798438, 235.2797656, 235.2793471
12518, 235.3115625, 235.3115625, 235.3141875, 235.3141406, 235.3132891
14, 222.5117891, 222.5117891, 224.5586406, 222.5169688, 222.7692158
12309, 235.2880156, 235.2844531, 235.2906172, 235.2880156, 235.2880264
27973, 258.0382813, 258.0374844, 258.0411094, 258.0383594, 258.038567
12253, 235.2810156, 235.2719688, 235.2835938, 235.2810156, 235.2806475
12238, 235.2791406, 235.2765625, 235.2865391, 235.2791719, 235.2795805
28305, 258.0797813, 258.0772031, 258.086, 258.0823594, 258.0813316
30002, 258.2919063, 258.2832656, 258.2945078, 258.2919063, 258.2914682
10196, 235.0213125, 235.0135703, 235.0239688, 235.0238906, 235.0212656
28111, 258.0555313, 258.0555313, 258.0581094, 258.0581094, 258.0565625
4698, 234.3366406, 234.3340625, 234.342625, 234.3375703, 234.33716
12502, 235.3121406, 235.2991563, 235.3223438, 235.3121406, 235.3120546
12291, 235.2857656, 235.2789375, 235.2883438, 235.2857656, 235.2856559
27882, 258.0269063, 258.0269063, 258.0269063, 258.0269063, 258.0269063
28167, 258.0624219, 258.0420469, 258.0635391, 258.0625313, 258.0604701
28912, 258.1556563, 258.1556563, 258.15825, 258.1574453, 258.1562139
12281, 235.2845156, 235.2819375, 235.2845938, 235.2845156, 235.2843114
28171, 258.0630313, 258.0604297, 258.0640391, 258.0630313, 258.0629995
12269, 235.2830156, 235.2802031, 235.2855938, 235.2830156, 235.282997
12212, 235.2758906, 235.267375, 235.2784688, 235.2758906, 235.2755384
28214, 258.0684063, 258.0545625, 258.0781563, 258.0684063, 258.0683159
12245, 235.2774375, 235.2774141, 235.2825938, 235.2800625, 235.2793936
28906, 258.1549063, 258.1548125, 258.1574844, 258.1574844, 258.1559063
27907, 256.4939609, 256.4913594, 258.0309609, 258.0300313, 257.3037426
12382, 235.2971406, 235.2863047, 235.2997188, 235.2971406, 235.2967857
12282, 235.2846406, 235.2820625, 235.2872188, 235.2846406, 235.2844423
10298, 235.0366406, 235.0366406, 235.0427813, 235.0366406, 235.037085
12274, 235.2810391, 235.2809141, 235.2836406, 235.2836406, 235.2820594
23004, 257.4171563, 257.4163594, 257.4197188, 257.4171563, 257.4173516
10291, 235.0357656, 235.0350469, 235.0383438, 235.0357656, 235.0359783
12271, 235.2832656, 235.2832656, 235.2858672, 235.2858672, 235.283916
12304, 235.2848125, 235.2848125, 235.2873906, 235.2873906, 235.2861016
27956, 258.0361563, 258.0361328, 258.0361563, 258.0361563, 258.0361504
4868, 234.3578906, 234.3553125, 234.3604688, 234.3588281, 234.3580469
12562, 235.3196406, 235.3170625, 235.3222188, 235.3197734, 235.3198265
27953, 258.0346484, 258.0346484, 258.0383594, 258.0383594, 258.0362552
12697, 235.3365156, 233.2884922, 235.3374453, 235.3365156, 235.2434723
28155, 258.0610313, 258.0584297, 258.0662891, 258.0610313, 258.0610354
12563, 235.3197656, 235.3171875, 235.3251875, 235.3197656, 235.3201271
4578, 234.3190625, 234.3190625, 234.3215781, 234.3215781, 234.3203203
10265, 235.0325156, 235.0299375, 235.0350938, 235.0350938, 235.0326523
12256, 235.2813906, 235.2734375, 235.2893281, 235.2813906, 235.2814231
4614, 234.3261406, 234.3261406, 234.3271484, 234.3261406, 234.3262492
12321, 235.2895156, 235.2798516, 235.2948359, 235.2895625, 235.2895017
12611, 235.3257656, 235.3176406, 235.3287813, 235.3257656, 235.3256483
23018, 257.4189063, 257.4163281, 257.4217969, 257.4189063, 257.4188599
22999, 257.4157344, 257.4128906, 257.4165781, 257.4165313, 257.4157448
12261, 235.2820156, 235.2794375, 235.2856484, 235.2820938, 235.2821073
12367, 235.2952656, 235.2926875, 235.2978438, 235.2952656, 235.2953719
27881, 258.0267813, 258.0267813, 258.0268594, 258.0268594, 258.0268073
4680, 234.3343906, 234.3318125, 234.3374297, 234.3344688, 234.3344906
4875, 234.3587656, 234.3561875, 234.3605547, 234.3587656, 234.3587875
12228, 235.2778906, 235.2753125, 235.2804688, 235.2778906, 235.2778293
29990, 258.2904063, 258.2878281, 258.2929844, 258.2904063, 258.2906007
22914, 257.4059063, 257.4059063, 257.4084844, 257.4068438, 257.4064629
12173, 235.2710156, 235.2684375, 235.2711406, 235.2710156, 235.2707656
10199, 235.0242656, 235.0242656, 235.0268672, 235.0251953, 235.0249444
27872, 256.4896406, 256.4896406, 258.0282344, 258.0282344, 257.5145026
28169, 258.0626719, 258.0503516, 258.0653594, 258.0627813, 258.0617037
12348, 235.2928906, 235.2903125, 235.2954688, 235.2938672, 235.2930859
12272, 235.2833906, 235.2807891, 235.2833906, 235.2833906, 235.282957
12151, 235.2656875, 235.2656875, 235.2656875, 235.2656875, 235.2656875
28109, 258.0447109, 258.0447109, 258.0578594, 258.0578594, 258.05175
12555, 235.3180469, 235.3161875, 235.3187656, 235.3187656, 235.3182946
28920, 258.1558594, 258.1547266, 258.1592578, 258.1567344, 258.1565044
12252, 235.2808906, 235.2702734, 235.2834688, 235.2808906, 235.2802823
27884, 258.0271563, 258.0245781, 258.0284297, 258.0271563, 258.0268945
27890, 258.0253281, 256.4918828, 258.0304844, 258.0279063, 257.7719023
12369, 235.2955156, 235.2880547, 235.2980938, 235.2955156, 235.2952359
11058, 235.1316406, 235.1316406, 235.1342188, 235.1317969, 235.132007
28908, 258.1551563, 258.1525781, 258.1551563, 258.1551563, 258.1545117
27893, 258.0282813, 258.0282813, 258.0292891, 258.0283594, 258.028417
28300, 258.0791563, 258.0791563, 258.08175, 258.08175, 258.0800371
4866, 234.3576406, 234.3576406, 234.3576406, 234.3576406, 234.3576406
4867, 234.3577656, 234.3577656, 234.3603438, 234.3603438, 234.358418
12177, 235.2715156, 235.2707188, 235.2740938, 235.2715938, 235.2717026
28914, 258.1559063, 258.1533281, 258.1584844, 258.1559375, 258.1560102
22996, 257.4153594, 257.4135781, 257.4161563, 257.4161563, 257.4155938
29967, 258.2849531, 258.2839844, 258.2875781, 258.2875313, 258.2863156
12157, 235.2689531, 235.2689531, 235.2715938, 235.2715938, 235.2696465
12270, 235.2831406, 235.2805625, 235.2832188, 235.2832188, 235.2825156
12446, 235.3025625, 235.3017734, 235.3077969, 235.3051406, 235.3045122
4832, 234.3533438, 234.3471016, 234.3559688, 234.3533906, 234.3529789
30013, 256.7572109, 256.7546094, 258.2958594, 256.7598672, 257.0588775
12158, 235.2691406, 235.2691406, 235.2762344, 235.2692734, 235.2705859
12515, 235.3137656, 235.3137656, 235.3163438, 235.3163438, 235.314625
10266, 235.0326406, 235.0326406, 235.0352188, 235.0352188, 235.0332852
12171, 235.2707656, 235.2681875, 235.2707656, 235.2707656, 235.2702695
22991, 257.4147344, 257.4129531, 257.4181094, 257.4164688, 257.4155547
25, 224.5804766, 224.5795703, 224.5830547, 224.5806094, 224.5808531
28174, 258.0634063, 258.0634063, 258.0659844, 258.0634063, 258.0637311
10194, 235.0236406, 235.0236406, 235.0262188, 235.0262188, 235.0242852
12550, 235.3181406, 235.3181406, 235.3207188, 235.3207188, 235.3194297
10272, 235.0308125, 235.0308125, 235.0334688, 235.0333906, 235.032334
22992, 257.4156563, 257.4156563, 257.4182344, 257.4165859, 257.4162409
22995, 257.4160313, 257.4141016, 257.4186094, 257.4160313, 257.4161609
23000, 257.4166563, 257.4158594, 257.4192344, 257.4166563, 257.4168422
12357, 235.2940156, 235.2914375, 235.2940938, 235.2940156, 235.2936479
4877, 234.3590156, 234.3564375, 234.3592266, 234.3590156, 234.3586035
12215, 235.2736875, 235.2736875, 235.2755469, 235.2755469, 235.2746172
12519, 235.3134688, 235.3116875, 235.3142656, 235.3142656, 235.3137679
28107, 258.0576094, 258.0576094, 258.0576094, 258.0576094, 258.0576094
22993, 257.4157813, 257.4132031, 257.4157813, 257.4157813, 257.4153516
10177, 235.0189375, 235.0189375, 235.0215938, 235.0215938, 235.0206823
12205, 235.2749063, 233.2244141, 235.2775938, 235.2750156, 235.0699445
22994, 257.4159063, 257.4151094, 257.4159531, 257.4159531, 257.4157188
10276, 235.0338906, 235.0330938, 235.0338906, 235.0338906, 235.0336914
12254, 235.2754688, 235.2754688, 235.2754688, 235.2754688, 235.2754688
28909, 258.1552813, 258.1552813, 258.1562188, 258.1552813, 258.1554688
12221, 235.2770156, 235.2770156, 235.2770156, 235.2770156, 235.2770156
27889, 258.0252031, 258.0167188, 258.0277813, 258.0277813, 258.0245531
12439, 235.3042656, 235.3034688, 235.3043438, 235.3042656, 235.3041458
12230, 235.2781406, 235.2781406, 235.2781406, 235.2781406, 235.2781406
28159, 258.0615313, 258.0615313, 258.0615313, 258.0615313, 258.0615313
27958, 258.0364063, 258.0264063, 258.0373359, 258.0373359, 258.0350495
12262, 235.2813438, 235.2721875, 235.2831484, 235.2821406, 235.2807205
12344, 235.2936328, 235.2936328, 235.2936328, 235.2936328, 235.2936328
12443, 235.3047656, 235.3040469, 235.3048438, 235.3048438, 235.3046719
28905, 258.1522031, 258.1522031, 258.1547813, 258.1547813, 258.1534922
28113, 258.0549922, 258.0549844, 258.0558594, 258.0558594, 258.055577
28108, 258.0551563, 258.0551563, 258.0552344, 258.0552344, 258.0551758
12185, 235.2725156, 235.2717188, 235.2735234, 235.2725156, 235.2725319
12303, 235.2872656, 235.2872656, 235.2872656, 235.2872656, 235.2872656
12191, 235.2732656, 235.2732656, 235.2732656, 235.2732656, 235.2732656
27880, 256.4906406, 256.4880391, 258.0266563, 258.0258594, 256.8748574
22907, 257.4050313, 257.4050313, 257.4050313, 257.4050313, 257.4050313
28157, 258.0515, 258.0515, 258.0612813, 258.0612813, 258.0563906
12152, 235.2683906, 235.2683906, 235.2693203, 235.2693203, 235.2688555
22908, 257.4051563, 257.4043594, 257.4051563, 257.4051563, 257.404957
12160, 235.2693906, 235.2693906, 235.2696016, 235.2693906, 235.2694258
12561, 235.3195156, 235.3195156, 235.3195938, 235.3195625, 235.3195373
12438, 235.3041406, 235.3041406, 235.3042188, 235.3042188, 235.3041797
28114, 258.0559063, 258.0559063, 258.0559844, 258.0559844, 258.0559258
12156, 235.2688281, 235.2688281, 235.2688281, 235.2688281, 235.2688281
10175, 235.0212656, 235.0212656, 235.0212656, 235.0212656, 235.0212656
12214, 235.2761406, 235.2761406, 235.2761406, 235.2761406, 235.2761406
4675, 234.3337656, 234.3337656, 234.3338438, 234.3338438, 234.3338047
10269, 235.0330156, 235.0330156, 235.0355938, 235.0340234, 235.0337328
4650, 234.3306406, 234.3281406, 234.3316484, 234.3315781, 234.3305297
4869, 234.3580156, 234.3580156, 234.3580469, 234.3580469, 234.3580234
12159, 235.2692656, 235.2692656, 235.2692656, 235.2692656, 235.2692656
27879, 258.0266094, 258.0266094, 258.0266094, 258.0266094, 258.0266094
13, 222.5366016, 222.5366016, 224.5585391, 224.5585391, 223.2114401
12196, 235.2738906, 235.2730938, 235.2738906, 235.2738906, 235.2737578
12216, 235.273875, 235.273875, 235.2763906, 235.2763906, 235.2755521
12553, 235.3185156, 235.3185156, 235.3195234, 235.3195234, 235.3189188
12231, 235.2782656, 235.277625, 235.2782656, 235.2782656, 235.2781055
22909, 257.4044844, 257.4044844, 257.4053594, 257.4053594, 257.4050677
12192, 235.2733906, 235.2733906, 235.2734688, 235.2734688, 235.2734297
12286, 235.2851406, 235.2851406, 235.2851406, 235.2851406, 235.2851406
12218, 235.2766406, 235.2766406, 235.2766406, 235.2766406, 235.2766406
27955, 258.0360313, 258.0360313, 258.0360313, 258.0360313, 258.0360313
11051, 235.1299688, 235.1299688, 235.1307969, 235.1307969, 235.1305104
12345, 235.2925156, 235.2925156, 235.2935234, 235.2935234, 235.2930195
10173, 235.0210156, 235.0210156, 235.0210156, 235.0210156, 235.0210156
12284, 235.2848906, 235.2848906, 235.2848906, 235.2848906, 235.2848906
12678, 235.3333438, 235.3333438, 235.3341406, 235.3341406, 235.333875
29963, 256.7509375, 256.7509375, 258.2870313, 258.2870313, 257.2629922
11049, 235.1305156, 235.1305156, 235.1305156, 235.1305156, 235.1305156
12301, 235.2870156, 235.2870156, 235.2870156, 235.2870156, 235.2870156
28156, 258.0585781, 258.0585781, 258.0611563, 258.0611563, 258.0600573
12154, 235.2686406, 235.2686406, 235.2686406, 235.2686406, 235.2686406
5, 224.5537578, 224.5537578, 224.5537578, 224.5537578, 224.5537578
29964, 256.7511406, 256.7485391, 258.2871563, 258.2871563, 257.2780404
12155, 235.2687656, 235.2687656, 235.2687656, 235.2687656, 235.2687656
27566, 256.4487891, 256.4487344, 257.9874063, 256.4513906, 256.590294
26419, 256.3079375, 256.3053594, 257.8441094, 256.3080156, 256.3256113
26342, 256.2957891, 256.2957344, 257.8344063, 256.2983906, 256.3306047
25081, 256.1381641, 256.1381094, 257.6768594, 256.1407656, 256.2403025
28008, 256.5040625, 256.5039844, 258.0427344, 256.5066406, 256.5298971
26326, 256.2937891, 256.2937344, 257.8324063, 256.2989141, 256.3772011
27656, 256.4625625, 255.7755391, 257.9986563, 256.4626406, 256.4719626
26597, 256.3301875, 256.3224688, 257.8662813, 256.3302656, 256.3555844
27940, 256.4955391, 256.4954844, 258.0315781, 256.4981406, 256.567234
27575, 256.4524375, 256.4473203, 257.9886094, 256.4525156, 256.5399708
27652, 256.4620625, 256.4594844, 257.9981563, 256.4621406, 256.4813263
26561, 256.3231641, 256.2922344, 257.8618594, 256.3257656, 256.3389255
26851, 256.3594141, 255.8772031, 257.8981094, 256.3620156, 256.3759114
26562, 256.3232891, 256.3232344, 257.8619063, 256.3258906, 256.4477847
30643, 256.8334375, 256.8024219, 258.3730391, 256.8360156, 256.8483289
25032, 256.1346328, 256.1320391, 257.6715938, 256.1372422, 256.3912279
27607, 256.4539141, 256.4538594, 257.9925313, 256.4565156, 256.5302776
26026, 256.2588359, 256.2562344, 257.7949063, 256.2588906, 256.3866576
26443, 256.3084141, 256.3058203, 257.8470313, 256.3110156, 256.3244042
28042, 256.5082891, 256.5082344, 258.04825, 256.5108906, 256.5665168
27949, 256.4966641, 255.9383672, 258.0341016, 256.4992656, 256.532469
27604, 256.4560625, 256.4534844, 257.9921563, 256.4561406, 256.495364
27630, 256.4593359, 256.4567344, 257.9954844, 256.4593906, 256.4841421
26129, 256.2691719, 256.2691094, 257.8077813, 256.2717656, 256.3445037
25202, 256.1533125, 256.1506406, 257.6919375, 256.1558906, 256.1648627
26359, 256.3004609, 256.2898984, 257.8365313, 256.3030625, 256.348397
26025, 256.2587656, 256.2587109, 257.7947813, 257.7947813, 256.6427559
26339, 256.2969688, 256.2953594, 257.8350391, 256.2980156, 256.3084809
27677, 256.4626875, 256.4317344, 258.0012813, 256.4652656, 256.4833343
26542, 256.3207891, 256.3207344, 257.8594063, 256.3259922, 256.5789453
26097, 256.2676875, 256.2651094, 257.8012031, 256.2677734, 256.3042467
26155, 256.2724375, 256.2723594, 257.8110313, 256.2750156, 256.2977618
27567, 256.4514609, 256.4488594, 257.9874219, 256.4515156, 256.5790495
27723, 256.4709609, 256.4657656, 258.0070313, 256.4710156, 256.4813498
6693, 257.8599063, 257.8599063, 257.8599063, 257.8599063, 257.8599063
29971, 258.2890859, 258.2890859, 258.2890859, 258.2890859, 258.2890859
28076, 256.5125625, 246.9635859, 256.5177422, 256.5151406, 256.3632242
27599, 256.4529141, 256.4528594, 256.4601406, 256.4555156, 256.4554697
27614, 256.4547891, 255.9667344, 256.4600547, 256.4573906, 256.4467288
28312, 256.5420391, 256.5419844, 257.0322969, 256.5446406, 256.5478945
27573, 256.4521875, 256.4496094, 256.4548438, 256.4522656, 256.4520122
26521, 256.3181641, 256.3181094, 256.3233672, 256.3207656, 256.3204103
26183, 256.2784531, 256.2758594, 256.2811172, 256.2785156, 256.278231
26417, 256.3051641, 256.2138438, 256.3109766, 256.3077656, 256.3058397
30052, 256.7620859, 254.2396875, 256.7673359, 256.7621406, 256.7317594
27570, 256.4492891, 256.4492344, 256.4544844, 256.4519141, 256.4511807
29975, 256.7524375, 256.7499141, 256.7551172, 256.7550625, 256.7528918
27591, 256.4519141, 256.4518594, 256.4570625, 256.4545156, 256.4537694
26449, 256.3091641, 256.2820625, 256.3143672, 256.3117656, 256.3111659
27577, 256.4501641, 256.4501094, 256.4579063, 256.4553438, 256.4528958
26059, 256.2629609, 256.2603594, 256.2655625, 256.2630156, 256.2628159
26550, 256.3217891, 256.3217344, 256.3274219, 256.3243906, 256.3233677
26222, 256.2807891, 256.2807344, 256.2859922, 256.2833906, 256.2828628
26189, 256.2766641, 256.2766094, 256.2819141, 256.2792656, 256.2789037
27627, 256.4589375, 256.4563594, 256.4616172, 256.4590156, 256.4589102
28022, 256.5057891, 256.5057344, 256.5123828, 256.5083906, 256.5077617
26142, 256.2707891, 256.2707344, 256.2759922, 256.2733906, 256.272907
28021, 256.5081875, 256.5056094, 256.5134609, 256.5082656, 256.5079077
27582, 256.4533125, 256.4507344, 256.4585859, 256.4533906, 256.4533674
26427, 256.3089375, 256.3038203, 256.3118047, 256.3115391, 256.3090801
26382, 256.3033281, 256.3007344, 256.3059922, 256.3033906, 256.3033653
26027, 256.2564141, 256.2563594, 256.2615625, 256.2615625, 256.258332
29982, 256.7507891, 256.7507344, 256.7559922, 256.7533906, 256.752877
27700, 256.4655391, 256.4654844, 256.4707422, 256.4681406, 256.4676641
28185, 256.5286875, 256.5261094, 256.5313672, 256.5287656, 256.5285385
29972, 256.7520859, 256.7494844, 256.7547422, 256.7546641, 256.7524036
26629, 256.3316641, 256.3264453, 256.3368672, 256.3342656, 256.3334701
27598, 256.4553359, 256.4527344, 256.4580078, 256.4579141, 256.4556055
27613, 256.4571875, 256.4458906, 256.4598672, 256.4572656, 256.4569492
27579, 256.4504141, 256.421375, 256.4556172, 256.4530156, 256.4517736
26545, 256.3211641, 256.2891484, 256.3263672, 256.3237656, 256.3216758
26329, 256.2967109, 256.2941094, 256.2993672, 256.2993672, 256.2971016
29978, 256.7502891, 256.7502344, 256.7554922, 256.7528906, 256.7522311
26584, 256.3285625, 256.3259844, 256.3311875, 256.3286406, 256.3282648
27621, 256.4556641, 256.4556094, 256.4608672, 256.4582656, 256.4579558
26341, 256.2956641, 256.2956641, 256.2983906, 256.2982656, 256.2971607
26175, 256.2774609, 246.6884219, 256.2801406, 256.2775156, 256.1531574
27639, 256.4579141, 256.4578594, 256.4631172, 256.4605156, 256.4603456
25076, 256.1400859, 256.1374844, 256.1427422, 256.1401406, 256.1399678
27874, 256.4898125, 256.4898125, 256.4924688, 256.4924688, 256.4907057
28038, 256.5103359, 256.5077344, 256.5129922, 256.5103906, 256.5104826
26413, 256.3046641, 256.3046094, 256.3098672, 256.3072656, 256.3067901
26538, 256.3202344, 256.3202344, 256.3229297, 256.3228906, 256.3221172
28028, 256.5090781, 256.5064844, 256.5116641, 256.5091406, 256.5086123
26607, 256.3289141, 256.3288594, 256.3341172, 256.3315156, 256.3312072
28192, 256.5270391, 256.5269844, 256.5296406, 256.5296406, 256.5288059
26386, 256.3036563, 256.3012344, 256.3064922, 256.3038906, 256.3037741
27587, 256.4539609, 256.4513594, 256.4565625, 256.4540156, 256.4538538
28189, 256.5266641, 256.5266094, 256.5319063, 256.5318125, 256.5292592
26071, 256.2618828, 256.2618594, 256.2670547, 256.2645156, 256.264115
26067, 256.2639375, 256.2534531, 256.2665938, 256.2640156, 256.2633044
26331, 256.2969375, 256.2943594, 256.2996172, 256.2970156, 256.2966962
26557, 256.3226641, 256.3226094, 256.3278672, 256.3277891, 256.325109
26536, 256.3199844, 256.3199844, 256.3252422, 256.3251875, 256.3226029
26118, 256.2677891, 256.2677344, 256.2729922, 256.2703906, 256.2697414
26371, 256.3019609, 256.2993594, 256.3046172, 256.3020156, 256.301867
25046, 256.1337891, 256.1337344, 256.1389922, 256.1363906, 256.1354009
26570, 256.3242891, 256.3242344, 256.3294922, 256.3294375, 256.3267848
28234, 256.5322891, 256.5322344, 256.5374922, 256.5348906, 256.5342584
27898, 256.4902891, 256.4902344, 256.4954375, 256.4928906, 256.4921693
26579, 256.3254141, 256.3253594, 256.3305938, 256.3280156, 256.3273318
26051, 256.2619609, 256.2593594, 256.2646172, 256.2620391, 256.2620762
26344, 256.2959844, 256.2959844, 256.3012422, 256.2986406, 256.297926
28199, 256.5284844, 256.5278594, 256.5331172, 256.5330391, 256.5305174
26340, 256.2955391, 252.0274531, 256.3007422, 256.2981406, 256.1393741
27574, 256.4497891, 256.4497344, 256.4549922, 256.4523906, 256.4515605
27990, 256.5017891, 256.5017344, 256.5069922, 256.5043906, 256.5039396
27589, 256.4541875, 256.4516328, 256.4568672, 256.4542656, 256.4541929
26367, 256.2989141, 255.8097578, 256.3040938, 256.3015156, 256.2892297
26107, 256.2664141, 256.2663594, 256.2716172, 256.2690156, 256.268676
28218, 256.5328125, 256.5302344, 256.5354922, 256.5328906, 256.5327338
27576, 256.4525859, 256.4500391, 256.4552422, 256.4552188, 256.4530888
27568, 256.4516406, 256.4490391, 256.4542422, 256.4542422, 256.4529375
27891, 256.4894141, 256.4894141, 256.4920156, 256.4920156, 256.4907148
28197, 256.5276641, 256.5276094, 256.5328672, 256.5302656, 256.5296658
25041, 256.1331641, 256.1331094, 256.1383125, 256.1357109, 256.1350213
29973, 256.7496641, 256.7496328, 256.7548672, 256.7522656, 256.7517313
29980, 256.7530625, 256.7505391, 256.7557422, 256.7531406, 256.7529709
26332, 256.2945391, 256.2944844, 256.2997422, 256.2996875, 256.2968991
25037, 256.1352031, 256.1326641, 256.1352656, 256.1352656, 256.1348034
26111, 256.2694609, 256.2669141, 256.2721172, 256.2695156, 256.2693086
26327, 256.2964609, 256.2938594, 256.2991172, 256.2990625, 256.2966737
26337, 256.2951641, 256.2951094, 256.3003672, 256.2977656, 256.2969733
27876, 256.4900625, 256.4875391, 256.4926875, 256.4901406, 256.4901172
27569, 256.4491641, 255.80625, 256.4517891, 256.4517578, 256.4081844
22850, 255.8618906, 255.8618906, 255.8644922, 255.8644375, 255.8629203
26065, 256.2636875, 256.2611094, 256.2668047, 256.2637656, 256.263612
26540, 256.3230859, 256.3205391, 256.3257422, 256.3257188, 256.3236344
27595, 256.4524141, 256.4523594, 256.4576172, 256.4550156, 256.4548177
29969, 256.7517109, 256.7491094, 256.7517656, 256.7517656, 256.7512956
26103, 256.2684609, 256.2684375, 256.2685156, 256.2685156, 256.2684935
26328, 256.2940391, 256.2939844, 256.2991875, 256.2966406, 256.2957516
28013, 256.5071875, 256.5071875, 256.5072656, 256.5072656, 256.5072266
25034, 256.1348828, 256.1348828, 256.1348906, 256.1348906, 256.134888
28014, 256.5047344, 256.5047344, 256.5073906, 256.5073906, 256.5064974
26347, 256.2964141, 256.2963594, 256.3016172, 256.2990156, 256.298774
26546, 256.3212891, 256.3212344, 256.3264844, 256.3239141, 256.3235859
27877, 256.4902656, 256.4902344, 256.4928438, 256.4928438, 256.4909082
27572, 256.4495391, 256.4495391, 256.4547422, 256.4521406, 256.4517578
26539, 256.3229609, 256.3229375, 256.3255938, 256.3255938, 256.3236211
26544, 256.3210078, 256.3209844, 256.3236875, 256.3235859, 256.3221675
27870, 256.4867891, 256.4867891, 256.4893906, 256.4893906, 256.4880898
27581, 256.4506641, 256.4506094, 256.4532656, 256.4532656, 256.4525417
26048, 256.2590391, 256.2589844, 256.2641875, 256.2616406, 256.2607378
22851, 255.8593594, 255.8593594, 255.8594141, 255.8594141, 255.8593958
27583, 256.4534375, 256.4508594, 256.4561172, 256.4560625, 256.4534883
26019, 256.2580078, 256.2580078, 256.2580078, 256.2580078, 256.2580078
14280, 254.7879844, 254.7879844, 254.7906563, 254.7906563, 254.7897578
26335, 256.2974922, 256.2974922, 256.2974922, 256.2974922, 256.2974922
22787, 255.8488203, 255.8488203, 255.8514141, 255.8514141, 255.8505313
28012, 256.5045391, 256.5045391, 256.5070859, 256.5070859, 256.5058125
22849, 255.3717188, 255.3717188, 255.3717188, 255.3717188, 255.3717188
26349, 256.2991875, 256.2966328, 256.3018672, 256.3017891, 256.2994057
25031, 256.1318594, 256.1318594, 256.1344922, 256.1344609, 256.1335951
29966, 256.7513359, 256.7513359, 256.7539688, 256.7539688, 256.752224
26537, 256.3227109, 256.3227109, 256.3252891, 256.3252891, 256.324
26343, 256.2984375, 256.2959141, 256.3010391, 256.3008594, 256.298457
28179, 256.5305625, 256.5305625, 256.5305625, 256.5305625, 256.5305625
26011, 256.2569609, 256.2569609, 256.2569609, 256.2569609, 256.2569609
28016, 256.5049844, 256.5049844, 256.5101875, 256.5101875, 256.5075859
20033, 255.5071641, 255.5071641, 255.5123125, 255.5123125, 255.5097383
27875, 256.4900156, 256.4900156, 256.4926172, 256.4926172, 256.4913164
26099, 256.2680156, 256.2680156, 256.2705625, 256.2705625, 256.2692891
4962, 256.2800938, 256.2800938, 256.2800938, 256.2800938, 256.2800938
27961, 256.4682188, 256.4682188, 256.4682188, 256.4682188, 256.4682188
21821, 255.7306641, 255.2485078, 255.7369688, 255.7332656, 255.7315969
26082, 256.2632891, 256.2632344, 256.2684922, 256.2658906, 256.2654695
25968, 256.2515625, 256.2489844, 256.2568672, 256.2516406, 256.2518084
22845, 255.8612109, 255.8586094, 255.8690156, 255.8612656, 255.8613766
26029, 256.2566641, 256.2540703, 256.2618672, 256.2592656, 256.2587492
26119, 256.2679375, 256.2678594, 256.2731484, 256.2705156, 256.2701764
25955, 256.2499609, 256.2473594, 256.2526172, 256.2500156, 256.2497282
25962, 256.2508125, 256.2482891, 256.2534922, 256.2508906, 256.2507582
26063, 256.2610313, 256.2608594, 256.2687109, 256.2635156, 256.263197
25971, 256.2519375, 256.2493594, 256.2546172, 256.2520156, 256.2519943
24851, 256.1119609, 256.1093594, 256.1146172, 256.1120156, 256.1117461
24869, 256.1142109, 256.1116641, 256.1142656, 256.1142578, 256.1139523
22896, 255.8650391, 255.8650391, 255.8701875, 255.8676406, 255.8671057
25958, 256.2503281, 256.2477344, 256.2529688, 256.2503906, 256.2499072
25943, 256.2484609, 256.2458594, 256.2510625, 256.2485156, 256.2483768
21434, 255.6822891, 255.6822344, 255.6874922, 255.6848906, 255.6845531
25049, 256.1366875, 256.1341094, 256.1393672, 256.1367656, 256.1365436
25957, 256.2477422, 256.2476094, 256.2528672, 256.2502656, 256.2497627
25134, 256.1473359, 256.1421406, 256.1499922, 256.1473906, 256.1471807
25997, 256.2552109, 256.2526094, 256.2578672, 256.2552656, 256.2552995
24824, 256.1085859, 256.1085859, 256.1086484, 256.1086406, 256.1086156
24990, 256.1293359, 256.1267891, 256.1319375, 256.1293906, 256.1293587
21568, 255.6990391, 255.6964453, 255.7053281, 255.7016406, 255.7012602
25992, 256.2545859, 256.2518281, 256.2572422, 256.2546641, 256.2547728
26018, 256.2553125, 256.2552344, 256.2604922, 256.2578906, 256.2575965
25947, 256.2489375, 256.2463594, 256.2516172, 256.2490156, 256.2484525
25996, 256.2550859, 256.2524844, 256.2577422, 256.2551406, 256.2549777
25033, 256.1321094, 256.1321094, 256.1348125, 256.1348125, 256.1338776
24839, 256.1104609, 256.1079141, 256.1131172, 256.1105156, 256.1105008
24888, 256.1140391, 256.1137969, 256.1192422, 256.1166406, 256.1162574
25946, 256.2462891, 256.2462344, 256.2514922, 256.2488906, 256.2481844
25018, 256.1302891, 256.1302344, 256.1355391, 256.1328906, 256.1324853
24949, 256.1216641, 256.1216094, 256.1268672, 256.1242656, 256.1239273
24885, 256.1162031, 256.1136094, 256.1188672, 256.1163281, 256.1162522
25954, 256.2472891, 256.2472891, 256.2525391, 256.2498906, 256.2495865
24865, 256.1137109, 256.1110938, 256.1163672, 256.1137656, 256.1135407
25948, 256.2465391, 256.2464844, 256.2517422, 256.2491406, 256.2485614
25022, 256.1307891, 256.1307344, 256.1359922, 256.1333906, 256.1325866
25942, 256.2457891, 256.2457344, 256.2509922, 256.2483906, 256.2475518
25956, 256.2475391, 256.2474844, 256.2684922, 256.2501406, 256.2506615
24874, 256.1148281, 256.1122344, 256.1174922, 256.1174375, 256.1151222
24902, 256.1157891, 256.1157344, 256.1209922, 256.1183906, 256.1178793
24829, 256.1092422, 256.1066641, 256.1118438, 256.1093906, 256.1095227
24987, 256.1289922, 256.1289609, 256.1315391, 256.1290156, 256.1294232
25952, 256.2495859, 256.2469844, 256.2496406, 256.2496406, 256.2493771
24873, 256.1147656, 256.1146875, 256.1173672, 256.1147656, 256.115152
25951, 256.2468594, 256.2468594, 256.2520625, 256.2495156, 256.2487133
22887, 255.8664375, 255.8639141, 255.8688203, 255.8665156, 255.8664531
26015, 256.2574375, 256.2548594, 256.2601172, 256.2575156, 256.2572545
25945, 256.2487109, 256.2461094, 256.2513438, 256.2487656, 256.2483105
24740, 256.0980625, 256.0954844, 256.1007422, 256.0981406, 256.0980099
21407, 255.6814609, 255.6788594, 255.6840625, 255.6815156, 255.6811616
25002, 256.1308359, 256.1282344, 256.1334922, 256.1308906, 256.1307867
24997, 256.1301875, 256.1276328, 256.1328125, 256.1302656, 256.1298317
22885, 255.8662422, 255.8662422, 255.8662656, 255.8662656, 255.866248
25045, 256.1336641, 256.1336641, 256.1388125, 256.1362578, 256.1355531
25075, 256.1374375, 256.1373594, 256.1426172, 256.1400156, 256.139696
24875, 256.1124141, 256.1123594, 256.1176094, 256.1150156, 256.1143039
25949, 256.2492109, 256.2466641, 256.2518125, 256.2492656, 256.2489253
25944, 256.2460391, 256.2459844, 256.2486406, 256.2486094, 256.2474566
22891, 255.8669609, 255.8669609, 255.8695938, 255.8670156, 255.86725
24996, 256.1300625, 256.1274844, 256.1327422, 256.1301406, 256.129901
24862, 256.1133672, 256.1107578, 256.1159922, 256.1159922, 256.1137031
25983, 256.2509141, 256.2508438, 256.2560938, 256.2535156, 256.2529446
24991, 256.1294609, 256.1269141, 256.1321094, 256.1320625, 256.1300513
20547, 255.5740156, 255.5739609, 255.5765547, 255.5765547, 255.5746367
24822, 256.1083906, 256.1083906, 256.1109141, 256.1109141, 256.1092318
25950, 256.2493906, 256.2467344, 256.2519688, 256.2519141, 256.2496589
24864, 256.1135859, 256.1109688, 256.1136406, 256.1136406, 256.1129609
24598, 256.0777891, 256.0777344, 256.0829688, 256.0803906, 256.0794974
24868, 256.1140859, 256.1115391, 256.1167188, 256.1141406, 256.1137959
24594, 256.0772891, 256.0772891, 256.0798906, 256.0798906, 256.0790052
24601, 256.0781641, 256.0781094, 256.0819375, 256.0819375, 256.0797441
22890, 255.8668906, 255.8642891, 255.8694922, 255.8694922, 255.8677491
24596, 256.0801016, 256.0801016, 256.0801172, 256.0801172, 256.080112
24988, 256.1291172, 256.1264844, 256.1291406, 256.1291406, 256.1284707
24827, 256.1064141, 256.1063594, 256.1115625, 256.1115625, 256.1089873
24867, 256.1139609, 256.1116719, 256.1166172, 256.1140156, 256.1140335
21402, 255.6782891, 255.6782344, 255.6808906, 255.6808906, 255.6799197
25040, 256.1336094, 256.1329844, 256.1382422, 256.1381875, 256.1356672
24863, 256.1134531, 256.1134531, 256.1159766, 256.1159766, 256.1142943
24608, 256.0816406, 256.0790391, 256.0842188, 256.0841641, 256.0820573
24604, 256.0785391, 256.0785391, 256.0810859, 256.0810859, 256.0798125
24861, 256.1132578, 256.1132109, 256.1158672, 256.1158125, 256.1139922
20032, 255.5096641, 255.5096641, 255.5096641, 255.5096641, 255.5096641
24821, 256.1056641, 256.1056641, 256.1056641, 256.1056641, 256.1056641
22809, 255.8541641, 255.8541094, 255.8593125, 255.8593125, 255.8560742
21394, 255.6772891, 255.6772891, 255.6798906, 255.6798906, 255.6790234
24597, 256.0776094, 256.0776094, 256.0802656, 256.0802656, 256.0789375
21392, 255.6795625, 255.6795625, 255.6795625, 255.6795625, 255.6795625
24603, 256.0784141, 256.0784141, 256.0810156, 256.0810156, 256.0797148
22811, 255.8569609, 255.8569609, 255.8569922, 255.8569922, 255.8569766
24986, 256.1288359, 256.1262422, 256.1314922, 256.1314922, 256.1288535
24985, 256.1287344, 256.1261328, 256.1313438, 256.1313438, 256.1287383
471, 223.0139531, 223.0139531, 223.0191563, 223.0165547, 223.0160415
21085, 255.6386641, 255.6386094, 255.6438672, 255.6412656, 255.6406597
21060, 255.6355391, 255.6354844, 255.6407422, 255.6381406, 255.6374915
21136, 255.6450391, 255.6449844, 255.6502422, 255.6476406, 255.6469994
24726, 256.0937891, 256.0937891, 256.0989922, 256.0963906, 256.0952318
21038, 255.6327891, 255.6327891, 255.6379922, 255.6379688, 255.635375
201, 222.9802031, 222.9802031, 222.9854063, 222.9853828, 222.9828013
24719, 256.0954609, 256.0929141, 256.0980938, 256.0980625, 256.0959232
460, 223.0125781, 223.0125781, 223.0177813, 223.0151797, 223.0148025
465, 223.0132031, 223.0132031, 223.0184063, 223.0183828, 223.0157991
21100, 255.6405391, 255.6404844, 255.6457422, 255.6431406, 255.6427578
21079, 255.6379141, 255.6378594, 255.6431172, 255.6430938, 255.6404449
470, 223.0164297, 223.0138281, 223.021625, 223.0190313, 223.0177051
469, 223.0137031, 223.0137031, 223.0189063, 223.0163047, 223.0158267
24802, 256.1032891, 256.1032422, 256.1084922, 256.1058906, 256.1056112
463, 223.0129531, 223.0129531, 223.0181563, 223.0181563, 223.0150352
464, 223.0130781, 223.0130781, 223.0182734, 223.0156797, 223.0148073
21069, 255.6366641, 255.6366094, 255.6418672, 255.6392656, 255.638365
462, 223.0128281, 223.0128281, 223.0180313, 223.0180078, 223.0152627
21083, 255.6409609, 255.6383594, 255.6436172, 255.6435938, 255.6411739
21051, 255.6369609, 255.6344141, 255.6396172, 255.6370156, 255.6368253
216, 222.9846797, 222.9845469, 222.9872734, 222.9846797, 222.9851813
461, 223.0152188, 223.0126406, 223.0178984, 223.0178203, 223.0152786
21053, 255.6371484, 255.6345469, 255.6398047, 255.6397813, 255.6371924
21042, 255.6358672, 255.6332891, 255.6358906, 255.6358906, 255.6353664
183, 222.9804688, 222.9804688, 222.9831563, 222.9831563, 222.9813854
21043, 255.6359922, 255.6334141, 255.6386172, 255.6360156, 255.6360117
21047, 255.6364375, 255.6339141, 255.6365156, 255.6365156, 255.6359773
20552, 255.5746406, 255.5746406, 255.5772188, 255.5771875, 255.5756656
21066, 255.6362891, 255.6362344, 255.6414844, 255.6388906, 255.6379868
21046, 255.6363906, 255.6337891, 255.6389922, 255.6363906, 255.6363906
21039, 255.6329141, 255.6329141, 255.6381172, 255.6355156, 255.6347328
459, 223.0150313, 223.0124766, 223.0176484, 223.0176484, 223.0156973
466, 223.0133281, 223.0133281, 223.0185313, 223.0159297, 223.0149512
20549, 255.5716641, 255.5716641, 255.5742422, 255.5742422, 255.5729531
208, 222.9810781, 222.9810781, 222.9836563, 222.9836563, 222.9823672
21041, 255.6331641, 255.6331641, 255.6357656, 255.6357422, 255.6341299
24718, 256.0927891, 256.0927891, 256.0927891, 256.0927891, 256.0927891
8, 222.4999844, 222.4999844, 222.5025625, 222.5025625, 222.5012734
14278, 254.7903672, 254.7903672, 254.7903672, 254.7903672, 254.7903672
20548, 255.5740859, 255.5740859, 255.5740859, 255.5740859, 255.5740859
207, 222.9835547, 222.9835547, 222.9835547, 222.9835547, 222.9835547
2015, 225.8134844, 225.8134844, 225.8214531, 225.8161094, 225.8158245
3130, 225.9528594, 225.9528594, 225.9580625, 225.9554609, 225.9543935
3247, 225.9674844, 225.9648906, 225.9726875, 225.9700859, 225.9696167
2084, 225.8247109, 225.8221094, 225.8299063, 225.8273125, 225.8257461
2013, 225.8132344, 225.8132188, 225.8210313, 225.8184141, 225.8157796
1914, 225.8008594, 225.8008594, 225.8034844, 225.8034609, 225.8023426
2059, 225.8215313, 225.8189844, 225.8241875, 225.8241641, 225.8220961
2065, 225.8223359, 225.8197344, 225.8249375, 225.8249375, 225.8228208
2052, 225.8181328, 225.8181094, 225.8207109, 225.8207109, 225.8198431
2061, 225.8192344, 225.8192344, 225.8244141, 225.8218594, 225.8213945
1979, 225.8089844, 225.8089844, 225.8141875, 225.8141641, 225.8111821
2060, 225.8191328, 225.8191094, 225.8243125, 225.8242891, 225.8217024
376, 223.0020781, 223.0020781, 223.0072813, 223.0046797, 223.0040306
2168, 225.8351875, 225.8326094, 225.8378281, 225.8352109, 225.8349738
2050, 225.8204609, 225.8178594, 225.8230625, 225.8230391, 225.8213197
2066, 225.8198594, 225.8198594, 225.8250625, 225.8224609, 225.8223019
2077, 225.8212422, 225.8212344, 225.8264688, 225.8264141, 225.8237411
2081, 225.8217344, 225.8217344, 225.8269375, 225.8269141, 225.8247617
3127, 225.9524844, 225.9524844, 225.9576875, 225.9550859, 225.9543252
2115, 225.8259922, 225.8259844, 225.8311875, 225.8286094, 225.8283659
2080, 225.8216094, 225.8216094, 225.8268125, 225.8268125, 225.8235547
2089, 225.8253125, 225.8227344, 225.8279375, 225.8253359, 225.8250734
370, 223.0013281, 223.0013281, 223.0065313, 223.0039219, 223.0030573
3132, 225.9556875, 225.9531094, 225.9583125, 225.9557109, 225.9557091
2063, 225.8220625, 225.8194844, 225.8246875, 225.8246641, 225.8222667
2086, 225.8223594, 225.8223594, 225.8275625, 225.8249844, 225.8247667
1920, 225.8016094, 225.8016094, 225.8068125, 225.8068047, 225.8042098
3141, 225.9542344, 225.9542344, 225.9594375, 225.9568359, 225.956006
2051, 225.8205859, 225.8179844, 225.8231875, 225.8231875, 225.8209092
368, 223.0036719, 223.0010781, 223.0062813, 223.0062813, 223.0036758
1975, 225.8084844, 225.8084844, 225.8136875, 225.8110859, 225.8108258
1915, 225.8009844, 225.8009844, 225.8061875, 225.8035859, 225.8033203
3124, 225.9521094, 225.9521094, 225.9573125, 225.9547109, 225.9544477
2374, 225.8583594, 225.8583594, 225.8609609, 225.8609609, 225.8596602
1971, 225.8079844, 225.8079844, 225.8131875, 225.8105859, 225.8097148
3129, 225.9527344, 225.9527344, 225.9579375, 225.9553359, 225.9545531
1430, 225.7403594, 225.7403594, 225.7429609, 225.7429609, 225.7420938
365, 223.0033047, 223.0033047, 223.0033047, 223.0033047, 223.0033047
3121, 225.9517344, 225.9517344, 225.9569297, 225.9569297, 225.9543281
2082, 225.8218594, 225.8218594, 225.8270625, 225.8244609, 225.8238802
2377, 225.8587344, 225.8587344, 225.8639375, 225.8639141, 225.8609609
2053, 225.8208125, 225.8182578, 225.8234375, 225.8234375, 225.8214805
367, 223.0009531, 223.0009531, 223.0035469, 223.0035469, 223.0018542
187, 222.9810313, 222.9810313, 222.9810547, 222.9810547, 222.9810469
3122, 225.9544609, 225.9518594, 225.9570625, 225.9544844, 225.9544635
3120, 225.9516094, 225.9516094, 225.9542109, 225.9542109, 225.9529102
1968, 225.8102109, 225.8102109, 225.8128125, 225.8128125, 225.8115117
1428, 225.7401094, 225.7401094, 225.7401094, 225.7401094, 225.7401094
366, 223.0034063, 223.0034063, 223.0034063, 223.0034063, 223.0034063
1967, 225.8126875, 225.8126875, 225.8126875, 225.8126875, 225.8126875
3278, 225.9713594, 225.9713594, 225.9765625, 225.9739844, 225.9738766
283, 222.9275547, 222.9275547, 222.9327578, 222.9301563, 222.9298807
3292, 225.9731328, 225.9730625, 225.9783125, 225.9757109, 225.9756009
3223, 225.9644922, 225.9644375, 225.9697188, 225.9670859, 225.9668328
244, 222.9252578, 222.9226797, 222.9278828, 222.9253047, 222.9254766
165, 222.9154063, 222.9154063, 222.9154063, 222.9154063, 222.9154063
273, 222.9288828, 222.9263047, 222.9315078, 222.9289063, 222.9287644
2597, 225.8862344, 225.8862109, 225.8940313, 225.8888359, 225.8886643
2427, 225.8650078, 225.8649844, 225.8701875, 225.8675859, 225.8673545
3199, 225.9614844, 225.9614844, 225.9692813, 225.9640859, 225.9635975
219, 222.9221484, 222.9221328, 222.9247344, 222.9221563, 222.9225807
132, 222.6526719, 222.650125, 222.6553516, 222.65275, 222.6525124
3, 222.4935469, 222.4935469, 222.5141875, 222.5141875, 222.501724
56, 222.64325, 222.6431875, 222.6458516, 222.6458516, 222.6438848
51, 222.6045703, 222.6045469, 222.6097266, 222.6071563, 222.6068193
224, 222.9227813, 222.9201797, 222.9227813, 222.9227813, 222.9223477
2490, 225.8780391, 225.8780391, 225.8780547, 225.8780547, 225.8780469
44, 222.6036172, 222.6036172, 222.6113984, 222.6088203, 222.6067917
226, 222.9230313, 222.9204297, 222.9256328, 222.9230313, 222.9230313
257, 222.9243047, 222.9243047, 222.9269063, 222.9269063, 222.9260391
220, 222.9222813, 222.9222578, 222.9222813, 222.9222813, 222.9222754
223, 222.9226328, 222.9226094, 222.9226563, 222.9226563, 222.9226422
281, 222.9298359, 222.9273047, 222.9325078, 222.9324844, 222.9299919
18, 222.5198203, 222.5198203, 222.5250234, 222.5224219, 222.5218407
38, 222.6028203, 222.6028203, 222.6080234, 222.608, 222.6051276
166, 222.9155313, 222.9155313, 222.9155313, 222.9155313, 222.9155313
2491, 225.8729844, 225.8729844, 225.8755859, 225.8755859, 225.8747188
168, 222.9157813, 222.9157813, 222.9183828, 222.9183828, 222.9175156
2501, 225.8742344, 225.8742344, 225.8794141, 225.8768359, 225.8758305
1427, 225.7425781, 225.7425781, 225.7426094, 225.7426094, 225.7425938
108, 222.6497422, 222.6471484, 222.64975, 222.64975, 222.6492289
60, 222.6411484, 222.6411484, 222.6463516, 222.64375, 222.6433164
12, 222.5338672, 222.5338203, 222.5364688, 222.5364688, 222.5353047
258, 222.9270313, 222.9270078, 222.9296094, 222.9296094, 222.9283145
221, 222.9198047, 222.9198047, 222.9250078, 222.9250078, 222.9224063
164, 222.9152813, 222.9152813, 222.9152813, 222.9152813, 222.9152813
265, 222.9253047, 222.9253047, 222.9305078, 222.9305078, 222.9279055
2489, 225.8779141, 225.8779141, 225.8779375, 225.8779375, 225.8779258
255, 222.9266328, 222.9266328, 222.9266328, 222.9266328, 222.9266328
2362, 225.8594609, 225.8594609, 225.8620391, 225.8620391, 225.86075
36, 222.6051563, 222.6051563, 222.6051563, 222.6051563, 222.6051563
9, 222.5013125, 222.5013125, 222.5065156, 222.5064922, 222.5033307
32, 222.5490547, 222.5490547, 222.5594375, 222.5516563, 222.5510313
2361, 225.8567344, 225.8567344, 225.8567344, 225.8567344, 225.8567344
